,Gene ID,Expression pattern,Slope,Fitted function,Intercept,Treat,Treat2,adjusted P-value,R-squared,mod_rsquared_adj,proportion,mean
3,PRKG1,linear down quadratic down,-0.06239210153695118,linear_quadratic,3.171425183334138,-0.015931378963074044,-0.0025811512541042843,0.0,0.21150963875329443,0.6193873368678405,0.0035840376591419706,2.90780073073981
29,PACRG,linear down quadratic down,-0.0816158939660024,linear_quadratic,1.86877600178151,-0.02790994603676381,-0.002983663773846588,0.0,0.15385949139261124,0.5807189985742799,0.10249277843158233,1.4913243457847438
100,AL513487.1,linear down quadratic down,-0.06191282345381977,linear_quadratic,1.0323787022299395,-0.03585302425947035,-0.001447766621908301,0.0,0.09817854212811783,0.5495666116136024,0.2893976677008666,0.7470776314041938
160,MTUS2,linear down quadratic down,-0.04322217725990739,linear_quadratic,1.8270917469795094,-0.01706464831295562,-0.001453196052608432,1.211405017165e-312,0.06518806965424362,0.53791287293303,0.062105488391997435,1.5910103625510859
200,PRR16,linear down quadratic down,-0.05851418929669605,linear_quadratic,1.0712225110039761,-0.02093005333696859,-0.0020880075533181923,6.2979522422441925e-288,0.06537237685140829,0.5338797929446406,0.2558574943832246,0.8435396428190863
444,PTPN3,linear down quadratic down,-0.03361767436826501,linear_quadratic,0.7570223333143277,-0.020916969934557685,-0.0007055946907615179,8.385190617243173e-150,0.03164870933125408,0.5166464133498008,0.3425698084947042,0.6246662336311115
532,SLC27A6,linear down quadratic down,-0.03426496339970016,linear_quadratic,0.7772112160851884,-0.017660065473181486,-0.000922494329251037,3.431402910801566e-121,0.022066843380301737,0.5127616193144782,0.3330480368032524,0.6678423010259976
816,PDE3B,linear down quadratic down,-0.028175466194516188,linear_quadratic,0.7983866825009607,-0.011840082650086733,-0.0009075213080238588,2.7496018493538044e-67,0.012069050844880302,0.5068601399405022,0.30961805927035413,0.7074838193195677
