,Gene ID,Expression pattern,Slope,Fitted function,Intercept,Treat,Treat2,adjusted P-value,R-squared,mod_rsquared_adj,proportion,mean
3,PRKG1,linear down quadratic down,-0.0624524714779332,linear_quadratic,3.1908878388665576,-0.01594699928314161,-0.002583637344155089,0.0,0.21098981624497182,0.6194530966065143,0.0035840376591419706,2.926896211300953
29,PACRG,linear down quadratic down,-0.08208791362575774,linear_quadratic,1.8854585560760202,-0.027775310883430878,-0.0030173668190181585,0.0,0.1535052707632284,0.5808566369036423,0.10249277843158233,1.5056953306670589
100,AL513487.1,linear down quadratic down,-0.06277071443073101,linear_quadratic,1.0447554051515962,-0.0358853460380362,-0.0014936315773719342,0.0,0.09807281759698239,0.5495466667131605,0.2893976677008666,0.756160332983845
156,MTUS2,linear down quadratic down,-0.043365277755536655,linear_quadratic,1.843992091482914,-0.017117104382084844,-0.001458231854080656,3.848808761404e-312,0.06486210374887913,0.5381944549584305,0.062105488391997435,1.6062851856568954
205,PRR16,linear down quadratic down,-0.05930224979840092,linear_quadratic,1.0837798973438164,-0.02077713478527679,-0.0021402841673957853,7.213135707914788e-288,0.06529416818329459,0.533882774993282,0.2558574943832246,0.853377784906922
444,PTPN3,linear down quadratic down,-0.03410939950061388,linear_quadratic,0.7671145073839694,-0.02105369126473369,-0.0007253171242155661,5.715709184565893e-150,0.031773679722233106,0.5167420363027855,0.3425698084947042,0.6326327194800471
528,SLC27A6,linear down quadratic down,-0.0347457050491163,linear_quadratic,0.7875126672734142,-0.017801551049853304,-0.0009413418888479443,1.674105561026524e-121,0.022282696102309152,0.5129496419174282,0.3330480368032524,0.6761093912811597
816,PDE3B,linear down quadratic down,-0.028603854325548572,linear_quadratic,0.8087838903125588,-0.011846934456413168,-0.0009309399927297446,2.117889413510196e-67,0.01217691023535361,0.5069590466040765,0.30961805927035413,0.7162078788959023
