,Gene ID,Expression pattern,Slope,Fitted function,Intercept,Treat,adjusted P-value,R-squared,mod_rsquared_adj,proportion,mean
1,tubule_sizes,linear down,-0.001417669053452128,linear,7.650051449396524,-0.0014176690534521267,0.0,0.04935168973151027,0.5444995176169762,0,7.206502555210904
2,tubule_diameters,linear down,-0.0005940469372544843,linear,3.5851880140173247,-0.0005940469372544844,0.0,0.03675288221919515,0.5183995501746126,0,3.3809107866107584
