,Gene ID,Expression pattern,Slope,Fitted function,Intercept,Treat,adjusted P-value,R-squared,mod_rsquared_adj,proportion,mean
7,glom_tuft_shape_eccentricity,quadratic up,0.00011345429675523134,quadratic,0.6429279146992577,1.7866818386650607e-07,2.279532220897501e-62,0.010536235244458125,0.5052681176222239,0.0,0.6568390638543773
9,glom_tuft_shape_elongation,quadratic up,0.00010327052908528844,quadratic,0.24183021093866397,1.6263075446502112e-07,1.132847739238127e-77,-0.0008919981263575405,0.4995540009368141,0.0002476575721302679,0.28018037726503486
